Date,Open,High,Low,Close,Volume
7/23/2021 15:30:00,116,138.9,115,126,694895290
7/26/2021 15:30:00,126.35,143.75,125.3,140.65,249723854
7/27/2021 15:30:00,141.7,147.8,127.75,132.9,240341900
7/28/2021 15:30:00,131,135,123.55,131.2,159793731
7/29/2021 15:30:00,134.95,144,132.2,141.55,117973089
7/30/2021 15:30:00,142.6,142.7,131,133.5,88312522
8/2/2021 15:30:00,135.75,140.75,135.15,139.7,66909732
8/3/2021 15:30:00,137,140.8,137,139.4,46610001
8/4/2021 15:30:00,139.8,141,135.25,138.4,41134419
8/5/2021 15:30:00,138.75,138.9,132,134.95,38437134
8/6/2021 15:30:00,135.5,136.2,130.1,131.35,31975356
8/9/2021 15:30:00,132.4,133.55,127.25,130.6,41358299
8/10/2021 15:30:00,131,131.45,122.1,125.2,43164004
8/11/2021 15:30:00,123,138.75,123,135.65,111702781
8/12/2021 15:30:00,135.65,137.4,132.05,135.45,51256670
8/13/2021 15:30:00,133.85,139.75,132.1,137.35,33674300
8/16/2021 15:30:00,136.4,136.9,132.25,134.95,20305361
8/17/2021 15:30:00,132.8,134.35,130.6,132.5,15815187
8/18/2021 15:30:00,134.5,136.8,133.3,134.95,22566920
8/20/2021 15:30:00,134.95,141.45,133,139.3,53789580
8/23/2021 15:30:00,137.8,137.8,124.75,127.25,68470861
8/24/2021 15:30:00,127.25,127.95,120.5,125,56713556
8/25/2021 15:30:00,126,128.5,123.1,124.25,51078811
8/26/2021 15:30:00,125.25,127.15,124.35,125.85,20645403
8/27/2021 15:30:00,126.6,129.5,124.1,124.7,22227595
8/30/2021 15:30:00,127.85,135.45,127.55,133.55,45239080
8/31/2021 15:30:00,134,135.2,131.35,134.55,24640924
9/1/2021 15:30:00,134.55,135.1,130.7,132.6,16162269
9/2/2021 15:30:00,132,138.5,131.5,137.6,27882466
9/3/2021 15:30:00,135.95,151.4,135.6,149.75,113381518
9/6/2021 15:30:00,149.25,149.35,143.25,144.05,34811620
9/7/2021 15:30:00,144.9,146.85,138.55,140.05,30421931
9/8/2021 15:30:00,141,143.6,139.05,141.25,28133284
9/9/2021 15:30:00,141.4,142.9,140,141.6,18970691
9/13/2021 15:30:00,143.25,144.25,142,143.15,17426798
9/14/2021 15:30:00,145.15,152.75,136.2,144.1,112358935
9/15/2021 15:30:00,142.95,145,140.75,142.65,38892545
9/16/2021 15:30:00,143,144,141.5,142.05,17634206
9/17/2021 15:30:00,142.55,146.9,137.15,137.9,23264091
9/20/2021 15:30:00,137.7,140.85,133.25,134.3,19799941
9/21/2021 15:30:00,137.2,138,131,133.45,19330196
9/22/2021 15:30:00,135.4,135.4,131.3,132.1,16923375
9/23/2021 15:30:00,134.5,140.4,133.05,137.3,31779169
9/24/2021 15:30:00,137.55,139.5,136.05,136.65,13099391
9/27/2021 15:30:00,139.85,144.75,138,143.7,26041244
9/28/2021 15:30:00,143.9,143.9,137.65,139,13489232
9/29/2021 15:30:00,138,139.5,136.5,138.5,10801439
9/30/2021 15:30:00,139.2,139.2,136.15,136.6,7825751
10/1/2021 15:30:00,137.3,140.5,137,138,11940576
10/4/2021 15:30:00,139.1,140,138,139.1,11995299
10/5/2021 15:30:00,138.75,138.8,137.15,137.95,10912142
10/6/2021 15:30:00,138.75,139.2,133.7,134.95,9988184
10/7/2021 15:30:00,136.75,138.45,136.05,137.1,7317664
10/8/2021 15:30:00,138,138,135.7,136.15,6207969
10/11/2021 15:30:00,137.5,137.5,136.15,136.85,4395523
10/12/2021 15:30:00,137.3,137.75,135.5,136.6,5600652
10/13/2021 15:30:00,137.25,137.4,134.35,135.45,6351349
10/14/2021 15:30:00,135.9,137.3,133.7,135,8688177
10/18/2021 15:30:00,136,146.15,135.9,144.05,31446800
10/19/2021 15:30:00,144.9,145.1,137.25,138.55,14688308
10/20/2021 15:30:00,138.5,140.4,133.85,137.9,12607297
10/21/2021 15:30:00,139.75,139.9,135.8,138.15,5951873
10/22/2021 15:30:00,138.95,142,135.8,137.75,11468458
10/25/2021 15:30:00,138,138.95,131.55,132.7,13530512
10/26/2021 15:30:00,133,137.35,133,135.45,6445894
10/27/2021 15:30:00,136.2,139.25,134.5,134.8,8982174
10/28/2021 15:30:00,135.35,136.5,131.5,135.6,11936370
10/29/2021 15:30:00,135,135,130.5,131.55,12925877
11/1/2021 15:30:00,133.6,134.3,132,132.65,6200243
11/2/2021 15:30:00,132.7,133.6,131.75,132.45,7367792
11/3/2021 15:30:00,132.9,132.9,127.5,128.35,15919925
11/4/2021 19:15:00,130,132.4,130,131.35,4101820
11/8/2021 15:30:00,132.95,133.6,130.6,131.15,17645794
11/9/2021 15:30:00,133,138.9,131.65,137.65,26457361
11/10/2021 15:30:00,136.5,139.15,135,136.05,16816048
11/11/2021 15:30:00,142,144,132.6,140.9,83582039
11/12/2021 15:30:00,142,155.2,142,153,140547798
11/15/2021 15:30:00,149,163.3,142.35,160.3,121197599
11/16/2021 15:30:00,161.15,169,153.8,157.6,109342731
11/17/2021 15:30:00,155.95,162.25,154.25,156.55,44505156
11/18/2021 15:30:00,158.9,161.85,152.5,154.7,46802082
11/22/2021 15:30:00,158.25,158.25,136.8,149.75,79417849
11/23/2021 15:30:00,150,152,144.25,148.7,38236588
11/24/2021 15:30:00,151.1,156.4,149.6,155.5,53749976
11/25/2021 15:30:00,157,161.3,154.05,159.75,48900473
11/26/2021 15:30:00,158.45,158.45,146.25,148.15,35968151
11/29/2021 15:30:00,148.8,153.9,137.5,149.1,43972445
11/30/2021 15:30:00,149.95,158,145.3,152.55,258130152
12/1/2021 15:30:00,153,157.9,149.45,151.4,32604856
12/2/2021 15:30:00,151.6,153.8,147.8,150.65,23508261
12/3/2021 15:30:00,152.1,152.8,143.85,144.9,26452896
12/6/2021 15:30:00,146.6,146.85,135.3,138.55,33244501
12/7/2021 15:30:00,141.35,143.8,138.65,139.8,36835410
12/8/2021 15:30:00,141,148.6,140.25,147.6,37324365
12/9/2021 15:30:00,148.65,148.65,145.3,146.25,18377899
12/10/2021 15:30:00,144.1,146.4,139.75,140.55,27881031
12/13/2021 15:30:00,142.2,144.45,141.9,142.65,20318225
12/14/2021 15:30:00,144.7,144.95,140,140.65,19474412
12/15/2021 15:30:00,140.5,142,140,140.6,12791660
12/16/2021 15:30:00,141.9,142.85,137.4,138.4,17182101
12/17/2021 15:30:00,138.95,141,132.35,135.35,95386202
12/20/2021 15:30:00,135.3,135.75,124.6,126.55,36064413
12/21/2021 15:30:00,128.85,132.85,128.6,131.6,20442777
12/22/2021 15:30:00,133.05,139.75,133,138.65,19425711
12/23/2021 15:30:00,140.05,140.75,132.1,133,21934786
12/24/2021 15:30:00,134.5,134.5,129.6,131.45,17625584
12/27/2021 15:30:00,131.35,133.85,128,132.75,13934154
12/28/2021 15:30:00,133.7,134,131.65,132.85,11170275
12/29/2021 15:30:00,132.7,137.7,131.55,137.1,18914246
12/30/2021 15:30:00,137.05,137.05,133.3,133.95,8369208
12/31/2021 15:30:00,133.85,138.4,133.4,137.4,11452243
1/3/2022 15:30:00,139.7,142.45,138.3,141.35,22518241
1/4/2022 15:30:00,141.35,141.55,137.6,138.35,10705792
1/5/2022 15:30:00,137.9,137.9,133.3,133.95,15874857
1/6/2022 15:30:00,133,133.15,129.6,130,23780419
1/7/2022 15:30:00,130,131.45,129,129.25,22846951
1/10/2022 15:30:00,130.5,130.9,129.4,130.2,11389370
1/11/2022 15:30:00,131,132.5,130,131.3,15396652
1/12/2022 15:30:00,132.1,132.9,131.6,132.25,8004430
1/13/2022 15:30:00,132.5,133.45,132.35,133.1,6535224
1/14/2022 15:30:00,133.1,134.45,132.05,133.6,9443928
1/17/2022 15:30:00,133.6,134.5,133,134,7515979
1/18/2022 15:30:00,134.5,134.6,132.8,133.05,9428096
1/19/2022 15:30:00,131.7,132.4,128.25,129.2,27812341
1/20/2022 15:30:00,127.95,130.7,125,125.2,23290545
1/21/2022 15:30:00,125.15,125.15,112.55,113.65,59805922
1/24/2022 15:30:00,114,114.2,90.95,91.35,167044739
1/25/2022 15:30:00,90.95,100.45,84.15,100.45,138336211
1/27/2022 15:30:00,98,98,90.45,90.5,106488772
1/28/2022 15:30:00,93.6,96.45,88.8,89.55,61452438
1/31/2022 15:30:00,91.35,92.5,89.65,90.4,20203799
2/1/2022 15:30:00,91.75,95.8,91.05,94.55,32606751
2/2/2022 15:30:00,95.75,99.75,94.8,98.9,18674088
2/3/2022 15:30:00,98.5,98.5,96.1,97.1,9769090
2/4/2022 15:30:00,97.2,97.85,93.6,94.2,15354384
2/7/2022 15:30:00,95.1,95.5,93.35,93.55,10900141
2/8/2022 15:30:00,94.35,94.65,91.25,93.55,9026735
2/9/2022 15:30:00,94.5,95.45,93.6,94.2,7876462
2/10/2022 15:30:00,94.9,95.4,93,94.45,13257124
2/11/2022 15:30:00,92.75,92.75,86.5,88.7,39976783
2/14/2022 15:30:00,87,87,80.55,82.45,35049550
2/15/2022 15:30:00,83.5,84.65,75.75,82.7,106216252
2/16/2022 15:30:00,85,87,84.25,84.95,33106605
2/17/2022 15:30:00,86.5,90.1,85.9,89.15,29566401
2/18/2022 15:30:00,88.1,88.4,85.2,85.9,15037123
2/21/2022 15:30:00,84.2,84.8,80.65,81.55,18853339
2/22/2022 15:30:00,78,80.55,77,79.7,28814770
2/23/2022 15:30:00,82,85.15,81.2,84.15,19847603
2/24/2022 15:30:00,78.65,81.5,78.1,78.5,22035319
2/25/2022 15:30:00,82,83.4,78.15,78.8,22876044
2/28/2022 15:30:00,79,80.95,76.55,79.95,41975659
3/2/2022 15:30:00,80,82,79,79.85,20353225
3/3/2022 15:30:00,81.5,83.2,81.2,82.2,16067224
3/4/2022 15:30:00,80.5,82.9,79.5,80.2,15145236
3/7/2022 15:30:00,79,79.65,78,79,9764606
3/8/2022 15:30:00,79.25,80.6,77.6,78.15,12381953
3/9/2022 15:30:00,79.45,80.65,78.9,80.35,11887757
3/10/2022 15:30:00,82.55,83.95,81.7,82.2,13476206
3/11/2022 15:30:00,82.4,82.4,79.5,79.9,18964704
3/14/2022 15:30:00,80.7,80.7,79,79.3,7261387
3/15/2022 15:30:00,79.3,79.6,76,76.55,18900800
3/16/2022 15:30:00,80,80,75.5,75.95,42383305
3/17/2022 15:30:00,77.2,82,76.8,80.85,34440238
3/21/2022 15:30:00,82,83.3,79.25,80.4,28669864
3/22/2022 15:30:00,80.95,81.9,79.3,81.15,23798591
3/23/2022 15:30:00,82,82,80.2,80.75,12522850
3/24/2022 15:30:00,80.7,82.35,80.05,80.35,12996477
3/25/2022 15:30:00,81,81.85,80.25,80.6,13585986
3/28/2022 15:30:00,80.6,81,79.15,79.65,10034667
3/29/2022 15:30:00,80.05,80.5,78.05,78.2,13466521
3/30/2022 15:30:00,79,86,78.5,85.05,41305975
3/31/2022 15:30:00,88.7,88.7,81.75,82.3,34672910
4/1/2022 15:30:00,82.1,85.6,82.05,84.3,15586812
4/4/2022 15:30:00,84.4,87.7,84.4,86.25,18040882
4/5/2022 15:30:00,83,85.15,82.35,83.9,28433443
4/6/2022 15:30:00,83.75,85.3,83.15,84.55,10697018
4/7/2022 15:30:00,84.8,85.25,82.25,82.5,9709022
4/8/2022 15:30:00,83.5,85.5,82.75,83.4,14851737
4/11/2022 15:30:00,83.15,85.85,83,84.45,17609808
4/12/2022 15:30:00,84.3,84.3,81,81.5,12913673
4/13/2022 15:30:00,82.5,88.3,82.15,83.9,52988189
4/18/2022 15:30:00,83.7,84.4,82.55,82.9,14209908
4/19/2022 15:30:00,83.1,83.9,79.45,80.45,13439870
4/20/2022 15:30:00,81.6,82.3,80,80.3,12797463
4/21/2022 15:30:00,81.1,81.85,80.65,80.8,6780602
4/22/2022 15:30:00,80.7,81.8,80.2,81.2,7211263
4/25/2022 15:30:00,80.5,81.6,78.6,78.75,16717052
4/26/2022 15:30:00,80.6,80.9,78.6,79.6,9548939
4/27/2022 15:30:00,79.4,79.6,75.5,75.85,23626624
4/28/2022 15:30:00,77.35,77.6,73.5,73.85,21338831
4/29/2022 15:30:00,74.7,74.85,71.1,71.75,24873682
5/2/2022 15:30:00,71.75,71.9,68.75,69.5,18464589
5/4/2022 15:30:00,69.75,70,63.9,64.45,43049544
5/5/2022 15:30:00,65.75,66.65,60.5,61.15,40296393
5/6/2022 15:30:00,59.3,62.3,57.65,60.5,47189321
5/9/2022 15:30:00,59.6,60.4,55.65,56.75,38279098
5/10/2022 15:30:00,55.75,56.75,50.05,52.45,45135581
5/11/2022 15:30:00,52,56.45,50.3,54.2,99812774
5/12/2022 15:30:00,53.8,53.9,51.05,51.95,37338266
5/13/2022 15:30:00,53.3,59.2,52.25,56.85,79292212
5/16/2022 15:30:00,56.85,57.7,54.75,56.4,37036105
5/17/2022 15:30:00,56.1,56.7,55.15,56.15,21460388
5/18/2022 15:30:00,56.1,59.6,55.85,58.75,57728111
5/19/2022 15:30:00,56.5,56.85,54.8,55.35,31970099
5/20/2022 15:30:00,56.5,58.75,56.4,58.05,32411623
5/23/2022 15:30:00,58.7,60.5,56.6,57.05,36830591
5/24/2022 15:30:00,57.95,67.6,57.9,64.95,193577787
5/25/2022 15:30:00,65.7,66.9,60.65,62.3,104446924
5/26/2022 15:30:00,61,62.5,59.6,60.45,46556399
5/27/2022 15:30:00,63,63,61.5,62.05,32064280
5/30/2022 15:30:00,63.25,72.1,62.6,71.05,124103679
5/31/2022 15:30:00,68.5,77.7,67.4,74.65,184333915
6/1/2022 15:30:00,75.4,79.8,73.1,74.7,127949782
6/2/2022 15:30:00,74.4,74.4,71.4,71.95,47866809
6/3/2022 15:30:00,73.9,74.85,71.2,72.15,35779760
6/6/2022 15:30:00,70,71.2,69.2,69.9,30078469
6/7/2022 15:30:00,69.7,69.7,64.75,65.4,41755337
6/8/2022 15:30:00,66,68.6,64.1,67.15,46697875
6/9/2022 15:30:00,66.2,69.7,65,68.7,47653877
6/10/2022 15:30:00,67.3,69.7,66.5,69,42040372
6/13/2022 15:30:00,67.5,68.3,65.4,67.5,34863276
6/14/2022 15:30:00,64.2,70.75,64,70,66677006
6/15/2022 15:30:00,70.65,71.9,68.95,70.2,33246369
6/16/2022 15:30:00,72,72,66.1,67.2,41879881
6/17/2022 15:30:00,65.65,69.4,65.3,67.05,33597224
6/20/2022 15:30:00,68,68,64.05,65,27409011
6/21/2022 15:30:00,65.5,67.25,65.35,66.05,22905677
6/22/2022 15:30:00,65.95,68.6,65,67.6,35026600
6/23/2022 15:30:00,67.05,70,66.5,69.55,33785882
6/24/2022 15:30:00,71,71.85,69.55,70.5,23948418
6/27/2022 15:30:00,72.65,72.7,65,65.85,110751340
6/28/2022 15:30:00,65.7,65.7,59.65,60.3,120959477
6/29/2022 15:30:00,58.75,61.45,56.85,57.3,96955320
6/30/2022 15:30:00,57.8,59,53.35,53.85,106893631
7/1/2022 15:30:00,54.15,56.7,52.55,56.15,112078641
7/4/2022 15:30:00,54.5,55.8,53.3,54.3,56902459
7/5/2022 15:30:00,55.4,55.9,54.35,55.45,51276627
7/6/2022 15:30:00,55.8,55.8,53.9,54.35,32403447
7/7/2022 15:30:00,54.65,55.15,53.75,54.45,35759428
7/8/2022 15:30:00,55,55.3,54.3,54.8,21413556
7/11/2022 15:30:00,54.7,56.5,54.2,56.1,21739009
7/12/2022 15:30:00,55.9,59.65,55.5,59,57986568
7/13/2022 15:30:00,59,61.5,58,58.35,73383005
7/14/2022 15:30:00,58.4,59,55.3,55.65,43024089
7/15/2022 15:30:00,56.2,56.2,53.35,53.9,47995067
7/18/2022 15:30:00,54.7,55.1,52.85,53.6,47689463
7/19/2022 15:30:00,53.65,54.4,53.3,53.95,35427093
7/20/2022 15:30:00,54.5,54.5,53.2,53.4,37683099
7/21/2022 15:30:00,53.35,54.45,52.7,53.5,29402446
7/22/2022 15:30:00,53.75,54,52.9,53.65,27302087
7/25/2022 15:30:00,52.5,52.5,46,47.6,232841112
7/26/2022 15:30:00,46.6,46.65,41.2,41.65,412304737
7/27/2022 15:30:00,40.85,44.4,40.6,43.95,411205172
7/28/2022 15:30:00,44.9,46.3,43.05,45.7,267544569
7/29/2022 15:30:00,45.6,47.2,44.55,46.8,177187972
8/1/2022 15:30:00,46.8,47.25,45.05,46.3,135944043
8/2/2022 15:30:00,50,55.55,48.4,55.55,528899748
8/3/2022 15:30:00,52.5,56.9,51.75,55.45,599688336
8/4/2022 15:30:00,55.75,58.65,54.5,57.85,420183405
8/5/2022 15:30:00,57.9,59.15,53.25,54.6,315019033
8/8/2022 15:30:00,54.7,56.2,54.2,55.45,178185076
8/10/2022 15:30:00,56.2,56.55,54.5,55.95,200699912
8/11/2022 15:30:00,56.9,58.15,56.35,57.9,130942734
8/12/2022 15:30:00,58.1,63.1,57.9,61.75,351208957
8/16/2022 15:30:00,62.65,67.45,62.5,64.25,250686966
8/17/2022 15:30:00,64.8,65.6,61.8,65.25,258066522
8/18/2022 15:30:00,65.6,69.25,65,67.1,303566868
8/19/2022 15:30:00,67.4,68.25,60.15,61.45,295737752
8/22/2022 15:30:00,61,62.85,59.25,62,226773007
8/23/2022 15:30:00,62.3,65.25,62.15,64.45,218585102
8/24/2022 15:30:00,64.1,64.2,61.7,62.2,116401002
8/25/2022 15:30:00,62.8,63.2,61.65,62.1,81137105
8/26/2022 15:30:00,62.4,62.7,60.55,61.85,87939030
8/29/2022 15:30:00,59.7,60.55,58.35,59.2,98493347
8/30/2022 15:30:00,60.2,61.25,57.3,57.95,162054037
9/1/2022 15:30:00,58.7,63.15,58.25,62.45,192477817
9/2/2022 15:30:00,63.4,63.4,59.4,59.75,137946710
9/5/2022 15:30:00,60.45,60.8,59.3,59.65,84539046
9/6/2022 15:30:00,60.3,60.8,59.4,59.7,70186636
9/7/2022 15:30:00,59.65,60.4,59.2,59.5,59843737
9/8/2022 15:30:00,60.35,62.5,59.8,61.35,128430049
9/9/2022 15:30:00,62,63.65,62,62.8,139369425
9/13/2022 15:30:00,63,66.6,62.8,65.45,199032705
9/14/2022 15:30:00,64.05,65.15,62.75,63.3,119824317
9/15/2022 15:30:00,64,64.9,63.3,64.6,88185944
9/16/2022 15:30:00,64.4,65,61.1,63.2,196537446
9/19/2022 15:30:00,64.2,65.45,63.45,63.95,70453100
9/20/2022 15:30:00,64.9,65.7,62.4,62.85,77904810
9/21/2022 15:30:00,63.3,63.95,62.4,63.45,59131994
9/22/2022 15:30:00,62.9,63.75,62.6,63.3,34716572
9/23/2022 15:30:00,63,63.35,60.4,60.8,56730282
9/26/2022 15:30:00,60,60.65,57.4,57.8,65832873
9/27/2022 15:30:00,58.15,59.75,56.95,58.85,79641870
9/28/2022 15:30:00,57.8,59.25,57.5,58.05,64334024
9/29/2022 15:30:00,59.2,62,58.9,61.2,76969699
9/30/2022 15:30:00,61.5,62.85,59.75,62.35,71494895
10/3/2022 15:30:00,62,63.1,61.2,61.9,44528871
10/4/2022 15:30:00,63.1,64.45,63,64.05,47077008
10/6/2022 15:30:00,64.4,66.15,64.25,65.55,59866072
10/7/2022 15:30:00,65.15,70.2,64.6,69.55,170879536
10/10/2022 15:30:00,68.4,69.7,67.5,68.7,87158481
10/11/2022 15:30:00,68.4,69.2,65,65.55,70171064
10/12/2022 15:30:00,65.65,66.45,63.05,63.75,67799710
10/13/2022 15:30:00,64.1,64.65,61,61.25,73750800
10/14/2022 15:30:00,63,64.15,61.6,61.9,85139332
10/17/2022 15:30:00,61.9,63.25,61.15,62.65,56007734
10/18/2022 15:30:00,63.65,64.4,62.75,63,49431277
10/19/2022 15:30:00,63.4,63.7,61.5,62.05,52638798
10/20/2022 15:30:00,61.7,62,60.85,61.3,57513138
10/21/2022 15:30:00,61.8,63.2,61.3,61.8,65825881
10/25/2022 15:30:00,62.7,64.9,62.4,64.6,81043498
10/27/2022 15:30:00,64.1,65.65,63.5,65.1,64853360
10/28/2022 15:30:00,65.25,65.7,62.3,62.6,56787309
10/31/2022 15:30:00,63.6,63.85,62.1,63.1,45949861
11/1/2022 15:30:00,63.5,63.75,62.7,63.5,50425928
11/2/2022 15:30:00,63.75,64.7,62.7,63,52915032
11/3/2022 15:30:00,62.8,62.8,62,62.2,31729457
11/4/2022 15:30:00,62.75,63.65,62.45,63,35296904
11/7/2022 15:30:00,63.85,65.45,63.25,65.1,56815391
11/9/2022 15:30:00,65.45,67.5,65,65.3,87424592
11/10/2022 15:30:00,65.5,65.95,63.15,63.95,44332611
11/11/2022 15:30:00,66,73.55,65.5,72.8,397758848
11/14/2022 15:30:00,74.3,75.45,69.05,69.6,186727024
11/15/2022 15:30:00,69.6,71.15,69.1,69.95,68397103
11/16/2022 15:30:00,69.95,70.5,67.7,68.7,75425523
11/17/2022 15:30:00,68.4,69.8,67.5,67.7,60115704
11/18/2022 15:30:00,68.15,69.35,66.9,67.15,62855692
11/21/2022 15:30:00,66.4,66.4,63.8,64.3,85998316
11/22/2022 15:30:00,64.9,64.9,63.3,63.95,50715391
11/23/2022 15:30:00,63.5,64.3,61.4,61.75,69815602
11/24/2022 15:30:00,62.3,64.1,62.05,63.2,90679986
11/25/2022 15:30:00,64,64.9,63.05,64,74237526
11/28/2022 15:30:00,64.25,65.3,63.8,64.4,53453545
11/29/2022 15:30:00,64.4,64.9,63,63.55,32230342
11/30/2022 15:30:00,63,66.8,61.9,65.25,549718630
12/1/2022 15:30:00,66.5,67.15,65.4,66.65,83610566
12/2/2022 15:30:00,66.75,68.9,66.5,68.55,96262543
12/5/2022 15:30:00,68.85,69,65,65.45,85107187
12/6/2022 15:30:00,64.75,65.45,64.45,64.8,40042683
12/7/2022 15:30:00,65.1,65.4,64.1,64.45,29775697
12/8/2022 15:30:00,64.8,64.8,63.65,63.8,35341241
12/9/2022 15:30:00,64.2,64.85,63.9,64.15,36490408
12/12/2022 15:30:00,64.15,64.75,63.6,64.4,20602398
12/13/2022 15:30:00,64.8,65.2,64.35,64.6,21917723
12/14/2022 15:30:00,64.85,65.45,64.6,65,24599687
12/15/2022 15:30:00,64.95,65.25,63.8,64.15,19011713
12/16/2022 15:30:00,63.75,64,61.85,62.15,48220919
12/19/2022 15:30:00,62.4,62.8,62,62.15,21470297
12/20/2022 15:30:00,62.1,63.2,61.9,62.85,32487667
12/21/2022 15:30:00,63.2,63.5,60.85,61.35,39979212
12/22/2022 15:30:00,61.8,62.05,58.55,58.95,53936114
12/23/2022 15:30:00,58.3,58.35,53.2,53.65,93022114
12/26/2022 15:30:00,53.95,59.75,53.45,58.15,83571451
12/27/2022 15:30:00,59.4,60.6,58.5,58.95,54205000
12/28/2022 15:30:00,58.5,60.8,57.85,60.15,70502428
12/29/2022 15:30:00,59.5,61.55,59,60.85,24973807
12/30/2022 15:30:00,61,61.45,59,59.3,33251260
1/2/2023 15:30:00,60.65,60.7,59.8,60.3,18759536
1/3/2023 15:30:00,58.85,59.55,57.3,58.95,49702768
1/4/2023 15:30:00,58.4,58.7,56,56.35,48975781
1/5/2023 15:30:00,56.95,57.1,55.6,56.2,34448671
1/6/2023 15:30:00,56.2,56.4,54.95,55.25,30272416
1/9/2023 15:30:00,56,57.25,55.75,56,35490334
1/10/2023 15:30:00,56,56.15,53.8,54.7,45966335
1/11/2023 15:30:00,55,56.15,54.1,54.35,32626665
1/12/2023 15:30:00,54.7,55,52.95,53.75,38856261
1/13/2023 15:30:00,54.1,54.5,53.05,53.25,38735350
1/16/2023 15:30:00,54,54.3,52.5,52.7,35892303
1/17/2023 15:30:00,53,53.1,50,50.15,77122987
1/18/2023 15:30:00,50.4,51.45,48.85,51,84541855
1/19/2023 15:30:00,50.3,51.9,50.05,51.1,54523340
1/20/2023 15:30:00,51.4,52.25,50.55,51.45,47355757
1/23/2023 15:30:00,51.9,51.9,50.65,51,24658884
1/24/2023 15:30:00,51,52.3,50.65,52.1,47720352
1/25/2023 15:30:00,52,52.05,44.35,47.75,237764175
1/27/2023 15:30:00,49,51.8,46.7,46.95,169788452
1/30/2023 15:30:00,47.9,48.55,46.7,47.4,54376637
1/31/2023 15:30:00,48,50.7,46.45,49.75,95398497
2/1/2023 15:30:00,50,51.05,47.05,48.15,68752685
2/2/2023 15:30:00,48.4,48.9,47.15,47.5,40751688
2/3/2023 15:30:00,48.15,49.25,47.7,48.75,42497841
2/6/2023 15:30:00,48.7,49.1,47.55,47.75,35956956
2/7/2023 15:30:00,48,51,47.6,49.35,61077398
2/8/2023 15:30:00,51.2,55.3,51.1,54.3,265595807
2/9/2023 15:30:00,54.7,56.8,53.4,54.4,216398621
2/10/2023 15:30:00,52.7,54.15,50.7,53.3,176950201
2/13/2023 15:30:00,53,53.7,51.25,51.8,86162276
2/14/2023 15:30:00,51.8,52.5,49.9,50.35,79395202
2/15/2023 15:30:00,50.55,50.9,49.8,50.25,49655881
2/16/2023 15:30:00,50.8,51.8,50.45,51.4,48841966
2/17/2023 15:30:00,51.25,52.2,50.7,51.8,52862406
2/20/2023 15:30:00,51.9,55.05,51.75,54.6,93315254
2/21/2023 15:30:00,54.6,56.15,54.4,55.35,100106053
2/22/2023 15:30:00,54.85,55.4,52.6,52.95,75802021
2/23/2023 15:30:00,53,56,52.8,54.95,118058937
2/24/2023 15:30:00,55.5,56.75,54,54.45,73440699
2/27/2023 15:30:00,54.7,54.75,53.2,53.6,38735556
2/28/2023 15:30:00,53.7,54.4,53,53.5,45414869
3/1/2023 15:30:00,53.5,55.35,53.35,54.95,42854827
3/2/2023 15:30:00,54.75,55.2,54.35,54.55,36256148
3/3/2023 15:30:00,54.9,55.4,53.2,53.65,36943821
3/6/2023 15:30:00,54,54.95,53.7,53.95,33492583
3/8/2023 15:30:00,53.45,55.3,52.65,54.8,44159725
3/9/2023 15:30:00,55.1,56.35,53.9,54.05,56021946
3/10/2023 15:30:00,53.8,54.5,53.3,53.85,39226931
3/13/2023 15:30:00,53.95,54.7,51.6,51.9,52374659
3/14/2023 15:30:00,52,52.5,50.2,50.75,52247904
3/15/2023 15:30:00,51.5,52.2,50.55,50.75,38763143
3/16/2023 15:30:00,50.9,53.7,49.85,53.05,61237058
3/17/2023 15:30:00,53.45,55.75,53.05,54.9,112918857
3/20/2023 15:30:00,53.6,54.75,52.2,53.55,65578919
3/21/2023 15:30:00,53.85,54.15,52.65,53,31632951
3/22/2023 15:30:00,53.4,53.9,52.7,53.1,38444991
3/23/2023 15:30:00,52.9,53.2,52.1,52.65,32816290
3/24/2023 15:30:00,52.5,52.85,50.15,50.65,67243087
3/27/2023 15:30:00,50.7,51.3,49.25,50.1,49618132
3/28/2023 15:30:00,50.2,50.55,49,50.25,50426174
3/29/2023 15:30:00,50.25,51.75,49.6,51.25,41464387
3/31/2023 15:30:00,51.25,51.7,50.65,51,56566133
4/3/2023 15:30:00,51.5,52.15,50.9,51.95,29241512
4/5/2023 15:30:00,52.1,52.9,51.55,51.7,25497115
4/6/2023 15:30:00,51.75,52.45,51.3,52.15,19695678
4/10/2023 15:30:00,52.15,54.2,51.8,53.95,60655412
4/11/2023 15:30:00,54.65,55.25,53.25,53.95,41101417
4/12/2023 15:30:00,54.25,54.25,52.9,53.2,30848068
4/13/2023 15:30:00,53.2,54.15,52.85,53.85,26646279
4/17/2023 15:30:00,54.2,54.25,53,53.95,24787918
4/18/2023 15:30:00,54.05,54.2,53.05,53.3,27617603
4/19/2023 15:30:00,53.6,55.95,53.2,54.15,62022927
4/20/2023 15:30:00,54.15,54.4,53.65,54.2,23096046
4/21/2023 15:30:00,54.3,56.75,54.1,56.05,106707937
4/24/2023 15:30:00,55.5,56.4,54.7,56,43287483
4/25/2023 15:30:00,56.4,60.6,56.2,57.75,199056106
4/26/2023 15:30:00,58.1,59,57.1,58.2,59765915
4/27/2023 15:30:00,58.6,61.15,58.35,60.7,82969101
4/28/2023 15:30:00,60.8,66,59.55,64.9,190938290
5/2/2023 15:30:00,64.5,65.65,63.05,63.45,112758256
5/3/2023 15:30:00,63.45,64.95,63.15,63.55,65082316
5/4/2023 15:30:00,63.5,66.6,63.35,65.7,123042355
5/5/2023 15:30:00,65.5,66.7,64.25,65.4,94016138
5/8/2023 15:30:00,64.6,66.2,63.5,64.9,104940671
5/9/2023 15:30:00,64.7,64.7,60.3,60.95,127854883
5/10/2023 15:30:00,61,62.9,60.95,61.8,70220898
5/11/2023 15:30:00,62.6,63.5,62,62.4,75062855
5/12/2023 15:30:00,62.5,63.65,61.6,62.6,73164520
5/15/2023 15:30:00,62.1,64.1,61.95,63.7,55886001
5/16/2023 15:30:00,64,65,62.4,63,59311532
5/17/2023 15:30:00,63,64.05,62.25,63.35,47444527
5/18/2023 15:30:00,64.2,64.6,63.1,63.5,54301847
5/19/2023 15:30:00,63.95,65,63.2,64.5,73620039
5/22/2023 15:30:00,64.7,66.85,61.8,63.5,147006670
5/23/2023 15:30:00,63.05,64,62.55,63.2,50797759
5/24/2023 15:30:00,63,64.7,62.75,64.45,60476729
5/25/2023 15:30:00,64.8,68.2,64.5,67.3,139721311
5/26/2023 15:30:00,67.3,68.25,65.75,67.25,86466135
5/29/2023 15:30:00,67.8,68.4,66.6,67.1,56968141
5/30/2023 15:30:00,67.5,68.3,66.45,66.85,60699589
5/31/2023 15:30:00,67.3,70,66.3,69.05,251813391
6/1/2023 15:30:00,68.7,68.8,67.6,67.95,57846081
6/2/2023 15:30:00,70,73.2,69.5,71.15,170769117
6/5/2023 15:30:00,71.3,72.15,69.6,71.25,84075166
6/6/2023 15:30:00,71.55,73.15,71.35,72.35,64762959
6/7/2023 15:30:00,72.5,75,72.4,74.5,67871844
6/8/2023 15:30:00,74.8,76.35,73.7,75.8,88006842
6/9/2023 15:30:00,77.05,78,75.85,77.6,77276802
6/12/2023 15:30:00,78.3,80.3,76.5,77.95,105388190
6/13/2023 15:30:00,77.9,78.8,76.7,78.3,81857154
6/14/2023 15:30:00,78.3,78.45,73.25,74.1,83186945
6/15/2023 15:30:00,74.5,76.1,73.1,75.1,93321136
6/16/2023 15:30:00,75.55,76,73.9,74.45,45783616
6/19/2023 15:30:00,74.6,77,74.1,75.85,62744981
6/20/2023 15:30:00,76,76.4,74.8,75.85,30591595
6/21/2023 15:30:00,76.1,77.35,74.65,75.1,31896510
6/22/2023 15:30:00,75.5,75.85,73.65,74.35,40419764
6/23/2023 15:30:00,73.9,75.3,72.55,74.15,51775728
6/26/2023 15:30:00,74.15,75.25,73.8,74.85,30411621
6/27/2023 15:30:00,75.15,76.95,74.85,76.15,59078137
6/28/2023 15:30:00,77,77,74.6,74.9,30574521
6/30/2023 15:30:00,75,75.45,74,75.05,49245376
7/3/2023 15:30:00,75.45,77.25,74.55,75.65,49243205
7/4/2023 15:30:00,75.8,76.2,74.5,74.8,24150257
7/5/2023 15:30:00,74.85,75.1,73.7,74.05,25459694
7/6/2023 15:30:00,74.45,75.25,74.3,74.75,24467816
7/7/2023 15:30:00,74.8,74.9,73,73.25,26599778
7/10/2023 15:30:00,73.45,75.55,73.4,74.8,33812208
7/11/2023 15:30:00,75.05,77,74.9,76.8,42946892
7/12/2023 15:30:00,77.5,78.8,77.15,77.5,64212629
7/13/2023 15:30:00,77.85,84.5,77.65,82.2,192605002
7/14/2023 15:30:00,84,85.25,81.65,82.55,91571303
7/17/2023 15:30:00,83.2,83.4,79.5,80.15,43377345
7/18/2023 15:30:00,80.65,80.65,76.5,78.7,71215775
7/19/2023 15:30:00,79,80.35,77.25,77.65,42130927
7/20/2023 15:30:00,78.05,79.1,77.3,77.6,40495235
7/21/2023 15:30:00,77.85,80.7,77.4,80.3,74991213
7/24/2023 15:30:00,80.8,82.45,80.55,81.3,64291285
7/25/2023 15:30:00,81.3,83.2,79.3,82.65,72459586
7/26/2023 15:30:00,83.1,84.6,82.5,83.35,59291226
7/27/2023 15:30:00,83.35,86.1,82.8,84.95,77249384
7/28/2023 15:30:00,85.6,87.25,83.85,86.8,74798625
7/31/2023 15:30:00,87,87.15,83.7,84.1,49093355
8/1/2023 15:30:00,84.6,85.7,84.2,84.75,34950470
8/2/2023 15:30:00,84.45,85.95,82.65,85.05,54844625
8/3/2023 15:30:00,81.6,88.4,81.6,86.55,123480816
8/4/2023 15:30:00,89,98.4,88.4,95.4,405751648
8/7/2023 15:30:00,97.4,102.85,96.35,97.6,249331637
8/8/2023 15:30:00,98.35,100.3,92.7,93.45,160236123
8/9/2023 15:30:00,93.9,94.85,91.6,94.1,109240947
8/10/2023 15:30:00,94.1,96.15,93.25,94.25,87598556
8/11/2023 15:30:00,94.6,95.2,93.05,93.45,38156809
8/14/2023 15:30:00,93.4,93.4,91.35,92.75,46668447
8/16/2023 15:30:00,92.45,95.6,91.5,91.9,76333138
8/17/2023 15:30:00,92.3,93.25,90.5,91.15,45657095
8/18/2023 15:30:00,91,91.4,89,89.35,50513070
8/21/2023 15:30:00,90.5,90.5,88.3,89.75,36755760
8/22/2023 15:30:00,90.3,94.3,90.1,91.9,104409241
8/23/2023 15:30:00,92.95,95,92.05,94.3,64768237
8/24/2023 15:30:00,95.75,95.75,93.2,93.8,47597101
8/25/2023 15:30:00,93.35,93.35,90.05,91,65076321
8/28/2023 15:30:00,96,96.1,91.75,92.35,141118441
8/29/2023 15:30:00,92.75,95,92.6,94.7,86708316
8/30/2023 15:30:00,99.5,100.5,97.2,99.8,250111714
8/31/2023 15:30:00,100.05,100.8,96.7,97.6,113063640
9/1/2023 15:30:00,98.3,98.35,96.85,97.2,47561928
9/4/2023 15:30:00,97.5,98.6,97.3,98.05,37447917
9/5/2023 15:30:00,98.15,99.3,97.05,98.2,51133944
9/6/2023 15:30:00,98.4,98.85,97.65,98.2,28329667
9/7/2023 15:30:00,98.65,101.6,98.2,100.05,111222776
9/8/2023 15:30:00,100.75,101.1,99,99.6,63482366
9/11/2023 15:30:00,100,102.55,99.2,101.35,83850675
9/12/2023 15:30:00,102.4,102.5,96.5,98.75,90911794
9/13/2023 15:30:00,98.75,100.75,97,97.9,71661116
9/14/2023 15:30:00,98.65,100.1,98.2,99.45,45226055
9/15/2023 15:30:00,100.5,104.45,100.35,102.95,148853172
9/18/2023 15:30:00,103.6,105,101.65,102.15,69476642
9/20/2023 15:30:00,101.3,104.9,99.3,100,104115507
9/21/2023 15:30:00,100,100.95,98.25,99.15,40591612
9/22/2023 15:30:00,99.5,101.4,98.7,99.9,39492725
9/25/2023 15:30:00,100.3,100.5,97.75,98.45,34410972
9/26/2023 15:30:00,98.6,100.4,97.9,99.9,36822528
9/27/2023 15:30:00,99.9,101.2,98.5,100.1,34894254
9/28/2023 15:30:00,100.35,100.6,99.3,99.95,25885383
9/29/2023 15:30:00,100.05,102.75,99.6,101.5,49524816
10/3/2023 15:30:00,101,105.9,100,105.3,82983688
10/4/2023 15:30:00,104.4,104.4,100.35,100.75,68727969
10/5/2023 15:30:00,102.6,107.7,102.35,105.4,140096809
10/6/2023 15:30:00,106.4,107.2,104,104.45,65041435
10/9/2023 15:30:00,103.8,105.25,101,103.9,53811658
10/10/2023 15:30:00,104.9,107.95,104.65,106.05,67712329
10/11/2023 15:30:00,106.8,109.8,106.55,109,93838782
10/12/2023 15:30:00,110.2,113.25,109.5,109.85,117710894
10/13/2023 15:30:00,109.85,111.8,109.1,111,55786063
10/16/2023 15:30:00,111.9,112.75,110.85,111.5,47455521
10/17/2023 15:30:00,112.5,114.2,111.5,113.85,55351894
10/18/2023 15:30:00,114.5,115.1,109.5,113.2,100553806
10/19/2023 15:30:00,112,113.15,110.65,111.65,43517012
10/20/2023 15:30:00,114,114.5,112.15,113.35,64427436
10/23/2023 15:30:00,113.8,113.9,106.8,108.9,70944550
10/25/2023 15:30:00,105.65,109.5,105.55,108.25,59685089
10/26/2023 15:30:00,107.5,108,101.25,106.45,108605538
10/27/2023 15:30:00,107.35,109.25,105.05,105.65,43738547
10/30/2023 15:30:00,106.2,108.6,105.7,107.7,48282252
10/31/2023 15:30:00,107.85,108.15,104.25,105.1,49382539
11/1/2023 15:30:00,105.6,107.15,103.25,103.7,47911258
11/2/2023 15:30:00,105,108,104.9,107.55,47086204
11/3/2023 15:30:00,108.8,119.9,108.7,116.5,238833377
11/6/2023 15:30:00,119.6,123.9,118.25,123.3,186288904
11/7/2023 15:30:00,123.55,126.35,120.5,121.3,120886007
11/8/2023 15:30:00,122,125.7,121.3,125.15,75041688
11/9/2023 15:30:00,125.25,125.55,121.35,121.85,50307832
11/10/2023 15:30:00,122,123.3,120.7,121.3,43388163
11/13/2023 15:30:00,122.65,123.1,121.5,122.2,28348143
11/15/2023 15:30:00,123.3,125.2,119.75,120.25,60088818
11/16/2023 15:30:00,120.9,122.55,120.7,121.85,36895083
11/17/2023 15:30:00,122,125,121.5,122.2,43882213
11/20/2023 15:30:00,122.85,123.4,117.35,118.15,52784478
11/21/2023 15:30:00,118.55,119,116.05,116.5,45193553
11/22/2023 15:30:00,116,117.8,114.35,115.3,52799865
11/23/2023 15:30:00,113.6,115.75,112.5,112.95,56329090
11/24/2023 15:30:00,114.15,116,112.9,113.25,49980086
11/28/2023 15:30:00,114.9,116.9,113.5,113.8,61963724
11/29/2023 15:30:00,117,119.2,114,116.6,115274058
11/30/2023 15:30:00,118.8,120.7,116.15,118.55,225208168
12/1/2023 15:30:00,118,118.35,115.1,116.3,57261076
12/4/2023 15:30:00,118.75,119,116.25,117.4,66057180
12/5/2023 15:30:00,117.9,118.25,116.25,116.75,57483305
12/6/2023 15:30:00,117.15,119.7,116.6,118.9,48171753
12/7/2023 15:30:00,119.6,122.2,118.4,121.7,52483562
12/8/2023 15:30:00,123,123.9,119.3,119.95,44213196
12/11/2023 15:30:00,119.95,120.5,117.55,118.45,32372287
12/12/2023 15:30:00,119,119.3,114.15,116.75,40800538
12/13/2023 15:30:00,116.9,120.5,116.15,120,48092329
12/14/2023 15:30:00,121,124.95,120.5,124.15,74178495
12/15/2023 15:30:00,124.5,125,122.4,123.6,39542770
12/18/2023 15:30:00,123.4,129.2,121.55,128.55,89553155
12/19/2023 15:30:00,129,131.75,127.4,130.25,64117314
12/20/2023 15:30:00,130.35,131,123.15,124.75,49006056
12/21/2023 15:30:00,122.15,128.7,120.2,127.35,52326124
12/22/2023 15:30:00,130.55,131,125.3,128.5,63113800
12/26/2023 15:30:00,128.5,128.7,124.3,125,25499782
12/27/2023 15:30:00,125.7,127.6,125.55,127.05,21757560
12/28/2023 15:30:00,124.9,125.5,120.6,123.2,72865479
12/29/2023 15:30:00,124,125.55,123.25,123.7,27512604
1/1/2024 15:30:00,124.45,125.6,122.85,124.5,24228685
1/2/2024 15:30:00,127,129.45,125.5,128.7,69395959
1/3/2024 15:30:00,128.8,130.25,127.1,127.55,39101172
1/4/2024 15:30:00,128.4,130.9,126.45,129.75,45285624
1/5/2024 15:30:00,130.9,134.35,128.95,133.3,55608923
1/8/2024 15:30:00,133.65,133.65,130,132.85,38912423
1/9/2024 15:30:00,133.2,135,132.6,134.3,33803263
1/10/2024 15:30:00,134.25,136.15,132.25,134.65,29917881
1/11/2024 15:30:00,135.3,139,135.05,138.35,41809415
1/12/2024 15:30:00,140,141.5,136.8,139.55,45508277
1/15/2024 15:30:00,139.55,139.85,132.85,133.4,53570266
1/16/2024 15:30:00,135,135.3,131,133.55,47043428
1/17/2024 15:30:00,132.4,132.4,126.75,127.4,76780526
1/18/2024 15:30:00,128.05,129.8,121.6,129.45,111946831
1/19/2024 15:30:00,130.5,135.5,128,135.05,81155018
1/23/2024 15:30:00,136.3,137.3,127,130.1,72520625
1/24/2024 15:30:00,131.45,136.9,129.8,136.2,54612769
1/25/2024 15:30:00,135.9,138.2,132.8,136.15,60682540
1/29/2024 15:30:00,136.9,137.7,132.35,135.55,55871017
1/30/2024 15:30:00,135.85,138.8,134.65,137.2,57612020
1/31/2024 15:30:00,140,142,138,139.55,89833027
2/1/2024 15:30:00,141,143.5,138.55,140.55,70252449
2/2/2024 15:30:00,141.8,145,141.45,143.8,78666454
2/5/2024 15:30:00,145,145.4,138.25,140.25,54189688
2/6/2024 15:30:00,140.4,141.8,138.05,139.95,46782951
2/7/2024 15:30:00,141,142.9,139.65,140.4,75083259
2/8/2024 15:30:00,142.5,147.5,139,144.1,184839649
2/9/2024 15:30:00,146.9,151.4,142.25,149.45,257918995
2/12/2024 15:30:00,151,158.8,149.5,153.8,155848102
2/13/2024 15:30:00,154.35,157.9,149,154.75,79935680
2/14/2024 15:30:00,152.95,153.75,150.1,152.25,38221083
2/15/2024 15:30:00,157,159.2,154,154.85,77367585
2/16/2024 15:30:00,156.9,160,155.35,156.7,61209337
2/19/2024 15:30:00,157.45,160.45,155.6,157.5,60218202
2/20/2024 15:30:00,159.7,163.8,158.7,161.05,85356675
2/21/2024 15:30:00,162.3,167.8,157.6,158.65,91140945
2/22/2024 15:30:00,159.55,163,156.6,162.1,67614848
2/23/2024 15:30:00,162.4,164.8,160.8,164.05,37200710
2/26/2024 15:30:00,165.2,168.5,163.15,164.2,33433566
2/27/2024 15:30:00,163.75,163.85,158,161.3,29921497
2/28/2024 15:30:00,161.9,161.95,155.35,159.35,41883110
2/29/2024 15:30:00,156.45,168.85,155.45,165.45,175785440
3/1/2024 15:30:00,168,173.5,165.6,166.5,42587331
3/4/2024 15:30:00,168,175.6,168,169.8,55751426
3/5/2024 15:30:00,170.75,171.5,164.05,165.85,29313864
3/6/2024 15:30:00,164.4,164.4,157.5,161.55,95621548
3/7/2024 15:30:00,161.75,163.45,158.65,160,43685238
3/11/2024 15:30:00,161,163.2,149,154.85,51519591
3/12/2024 15:30:00,156.6,157.9,152.15,156.9,31159766
3/13/2024 15:30:00,157.45,158.25,147.5,148.65,53202095
3/14/2024 15:30:00,147.1,157.3,144.3,152.75,45708365
3/15/2024 15:30:00,152.85,161.7,152.45,160.05,95085427
3/18/2024 15:30:00,162.5,164.45,157.25,158.25,35382756
3/19/2024 15:30:00,158.6,161.45,156.5,157.95,24847687
3/20/2024 15:30:00,159.45,166.7,159,165.6,45544054
3/21/2024 15:30:00,168,171,166.4,169.65,42227967
3/22/2024 15:30:00,170.45,174.9,169.05,174.2,41776494
3/26/2024 15:30:00,173.4,183.65,172.2,182.6,64590292
3/27/2024 15:30:00,183.6,189,177.2,179.45,50528769
3/28/2024 15:30:00,179.8,184.7,176,182.1,42567446
4/1/2024 15:30:00,183.9,188.2,182.75,184.5,20789208
4/2/2024 15:30:00,185,185,180.75,183.1,36346394
4/3/2024 15:30:00,181.95,182,177.85,178.3,24268721
4/4/2024 15:30:00,180.5,188.15,180.25,187,52772054
4/5/2024 15:30:00,188.25,191.8,187.25,190.5,35235139
4/8/2024 15:30:00,191.6,194,190.55,191.8,23092887
4/9/2024 15:30:00,192.55,195.5,188.75,193.7,30824719
4/10/2024 15:30:00,195,199.6,194.05,196.9,35141522
4/12/2024 15:30:00,195.85,199.7,190.5,192.1,56543869
4/15/2024 15:30:00,188,192.4,184.5,188.3,48456568
4/16/2024 15:30:00,187,189.3,183.9,186.45,43273463
4/18/2024 15:30:00,188.5,189.25,183,185.2,35346377
4/19/2024 15:30:00,182.3,191,181.4,189.2,34112204
4/22/2024 15:30:00,193,197.7,190.8,193.35,28792292
4/23/2024 15:30:00,194.4,194.5,186.6,187.45,35740731
4/24/2024 15:30:00,189,189.1,183.15,184.4,32622315
4/25/2024 15:30:00,184,188.9,182.5,184.7,38839521
4/26/2024 15:30:00,189,190.45,186.35,188.1,33778145
4/29/2024 15:30:00,189.4,194.3,186.45,193.6,33415230
4/30/2024 15:30:00,195,196.95,192.2,193.15,39383265
5/2/2024 15:30:00,193.6,195.95,192.75,195.45,27391448
5/3/2024 15:30:00,196.8,200.35,193.1,197.25,37882274
5/6/2024 15:30:00,199,202,194.5,195.7,26394239
5/7/2024 15:30:00,196.15,196.35,182.35,191.45,48161265
5/8/2024 15:30:00,190.65,196,187.3,195.45,47941406
5/9/2024 15:30:00,195,199.7,193.1,195.25,47274769
5/10/2024 15:30:00,196.35,205,189.9,201.3,52717901
5/13/2024 15:30:00,205.8,207.2,186.75,194.3,114135952
5/14/2024 15:30:00,191.7,193.45,182.1,187.3,110070781
5/15/2024 15:30:00,188.8,193.4,183.15,192,44772997
5/16/2024 15:30:00,192.9,195.85,189,195.2,35478593
5/17/2024 15:30:00,195.15,196,193.1,194.85,20841351
5/21/2024 15:30:00,194.4,196.5,188.75,189.1,33453174
5/22/2024 15:30:00,190,190,183.35,185.5,40374419
5/23/2024 15:30:00,186.5,189.4,184.5,186.8,20931137
5/24/2024 15:30:00,188,188,179.1,182.9,37064093
5/27/2024 15:30:00,183.9,185.45,178.4,183.65,47652253
5/28/2024 15:30:00,184.35,184.8,180.4,181.6,34444521
5/29/2024 15:30:00,180.55,185.4,180,183.35,30888209
5/30/2024 15:30:00,183,185,179,180.6,33684173
5/31/2024 15:30:00,178.8,183.15,171.25,179.15,149283415
6/3/2024 15:30:00,184.5,185.5,175,175.45,53437123
6/4/2024 15:30:00,176.5,176.5,146.3,172,75272859
6/5/2024 15:30:00,175,185.3,166.75,183.8,57213537
6/6/2024 15:30:00,185,185.8,182.5,183.65,20887553
6/7/2024 15:30:00,182.5,187,180.7,184,33175407
6/10/2024 15:30:00,184,186.5,181.56,182.16,33163473
6/11/2024 15:30:00,182.6,186,180.1,184.02,41803815
6/12/2024 15:30:00,184.39,184.88,179.33,179.65,42830411
6/13/2024 15:30:00,183.8,185.8,180.15,184.94,47891484
6/14/2024 15:30:00,185.7,186.6,184.05,186.24,29823712
6/18/2024 15:30:00,187.5,189.1,184.8,188.61,40633379
6/19/2024 15:30:00,190,201,189.56,198.49,112274897
6/20/2024 15:30:00,199.99,201.8,195,197.05,44395214
6/21/2024 15:30:00,197.9,199.95,193.05,193.95,37841138
6/24/2024 15:30:00,193.9,199.8,191.95,198.92,34201378
6/25/2024 15:30:00,201.75,204.7,200,202.27,60670560
6/26/2024 15:30:00,202.56,203.48,196,197.25,38934432
6/27/2024 15:30:00,198.2,201.5,196,200.15,32535933
6/28/2024 15:30:00,201.3,203.92,199.1,200.56,37287397
7/1/2024 15:30:00,199.71,204.5,194.56,203.97,53536850
7/2/2024 15:30:00,204,209.84,202.25,209.09,65698266
7/3/2024 15:30:00,209.45,213.95,205.33,208.44,61479249
7/4/2024 15:30:00,208.39,210.29,206.7,207.44,30004307
7/5/2024 15:30:00,207,208.4,204.77,207.57,29681228
7/8/2024 15:30:00,208.25,210,206,207.93,18260120
7/9/2024 15:30:00,207.8,214,206.61,212.56,39312576
7/10/2024 15:30:00,213,213.39,205.74,211.37,29852043
7/11/2024 15:30:00,211.47,218.95,211.37,217.14,45769091
7/12/2024 15:30:00,219,223.25,217.05,222.47,45580868
7/15/2024 15:30:00,225,232,225,229.15,51203051
7/16/2024 15:30:00,230,230.35,215.3,217.49,44681031
7/18/2024 15:30:00,217.75,221.4,210.25,220.62,58537673
7/19/2024 15:30:00,217.99,220.49,213.67,218.89,39257871
7/22/2024 15:30:00,214,222.19,214,221.66,33701488
7/23/2024 15:30:00,222.5,223.72,207,217.91,36589825
7/24/2024 15:30:00,217.85,225.5,215.6,223.49,32358784
7/25/2024 15:30:00,221,223.97,216.95,219.31,26124437
7/26/2024 15:30:00,219,226.62,216.85,224.62,35693966
7/29/2024 15:30:00,226.62,229.46,224.1,226.89,40644424
7/30/2024 15:30:00,226.95,231.2,225.11,227.13,39378466
7/31/2024 15:30:00,227.61,230.14,226.05,229.45,25009969
8/1/2024 15:30:00,231,238,228,234.09,87888742
8/2/2024 15:30:00,244.5,278.7,243,262.34,389060620
8/5/2024 15:30:00,254,265.55,249,256.29,156106218
8/6/2024 15:30:00,265.9,275,247.2,249.08,143459602
8/7/2024 15:30:00,261.53,267.6,251.81,265.67,127379201
8/8/2024 15:30:00,265,267.5,260,265.59,57917059
8/9/2024 15:30:00,267.73,272.9,265.55,267.09,52601958
8/12/2024 15:30:00,263.5,266.49,261.35,263.43,33514964
8/13/2024 15:30:00,265,265.4,256,257.08,26127109
8/14/2024 15:30:00,260.3,264.5,255.5,260.14,41735068
8/16/2024 15:30:00,260.7,266.2,257.01,264.43,42932761
8/19/2024 15:30:00,278,280.9,261,262.17,80435895
8/20/2024 15:30:00,262,264.45,258.25,263.12,132396556
8/21/2024 15:30:00,263.12,264.45,259,260.03,38605742
8/22/2024 15:30:00,264,267,256.01,257.96,73893288
8/23/2024 15:30:00,260.41,269.9,258.31,262.65,102220794
8/26/2024 15:30:00,263.8,264.42,258.1,259.39,36184864
8/27/2024 15:30:00,260.75,261.4,255.4,256.05,31816706
8/28/2024 15:30:00,257,257.74,252.15,253.04,28603253
8/29/2024 15:30:00,254.78,256.35,248.51,252.34,37767471
8/30/2024 15:30:00,253.5,255.45,248.81,250.53,50157287
9/2/2024 15:30:00,252,252.3,241.85,244.45,55833057
9/3/2024 15:30:00,246.75,252.95,245.4,247.7,66538683
9/4/2024 15:30:00,244.45,245,240.4,242.85,58762234
9/5/2024 15:30:00,248.05,261.6,246,254.85,115627516
9/6/2024 15:30:00,255,262.15,254.25,259.95,75700809
9/9/2024 15:30:00,260,265,256.3,263.2,58534619
9/10/2024 15:30:00,265.85,270.3,259.55,267.7,68658961
9/11/2024 15:30:00,268.25,281.5,268.1,271.75,121883781
9/12/2024 15:30:00,276.3,286,274.3,283.9,101691858
9/13/2024 15:30:00,285.4,286.45,271.1,272.9,82150759
9/16/2024 15:30:00,274.5,282,269.2,277.7,47792145
9/17/2024 15:30:00,277.65,278,270,270.75,33515464
9/18/2024 15:30:00,270.65,277.85,269.9,275.85,30225926
9/19/2024 15:30:00,276.5,280.95,272.25,278.85,48225291
9/20/2024 15:30:00,279,293,278.95,290.5,84416068
9/23/2024 15:30:00,292,298.25,290.55,297,48761823
9/24/2024 15:30:00,298,298,290.25,291.7,40844804
9/25/2024 15:30:00,291.8,291.85,283.05,285.4,47685746
9/26/2024 15:30:00,285.4,285.9,278.5,283.9,39057810
9/27/2024 15:30:00,275.4,286.9,273.5,278.15,58812631
9/30/2024 15:30:00,277.9,277.9,272.45,273.3,40976919
10/1/2024 15:30:00,272.55,276.45,271.3,274.15,32110540
10/3/2024 15:30:00,269.7,272.45,268,269,40791499
10/4/2024 15:30:00,267,277.85,264.1,275.3,59102827
10/7/2024 15:30:00,278.55,279,261.6,266.1,51381672
10/8/2024 15:30:00,266,280.9,262.6,278.7,68958719
10/9/2024 15:30:00,279,290,275.35,279.95,62967866
10/10/2024 15:30:00,280.5,282.45,274.1,275.35,38904819
10/11/2024 15:30:00,276.4,279,275.5,277.55,17126335
10/14/2024 15:30:00,280.9,285.25,278,280.05,45217362
10/15/2024 15:30:00,283,283,276.1,279.55,23988729
10/16/2024 15:30:00,279,279.4,273,274.25,20872032
10/17/2024 15:30:00,275,275.15,268.6,270.55,25228600
10/18/2024 15:30:00,256.9,270.3,255.25,257.45,108015952
10/21/2024 15:30:00,258,267,254.5,265.7,88316113
10/22/2024 15:30:00,267,270.9,252.75,256.35,69963412
10/23/2024 15:30:00,256.35,268,242.1,264.05,161602998
10/24/2024 15:30:00,267.2,268.4,252.55,254.3,60352258
10/25/2024 15:30:00,256,257.95,246.5,253.8,66829144
10/28/2024 15:30:00,252,259.25,247.1,253.95,41028381
10/29/2024 15:30:00,254.95,255.9,248.45,252.25,30238688
10/30/2024 15:30:00,249.15,250.5,245.05,246.85,48399791
10/31/2024 15:30:00,248,248.8,240.4,241.75,36737366
11/4/2024 15:30:00,242.93,246.99,240,245.08,49186567
11/5/2024 15:30:00,244,246.35,239.45,241.87,42081056
11/6/2024 15:30:00,243.3,256.14,243.3,254.94,61727658
11/7/2024 15:30:00,257,262.45,254,255.22,56967827
11/8/2024 15:30:00,256.2,258.12,245.9,248.73,48676279
11/11/2024 15:30:00,244.75,259.5,244,258.62,43972581
11/12/2024 15:30:00,259.95,264.9,255.3,260.99,50975031
11/13/2024 15:30:00,258.08,263.43,254.53,258.4,61475328
11/14/2024 15:30:00,261.5,271,260.7,269.66,84971093
11/18/2024 15:30:00,274.3,274.4,269.36,270.79,59799056
11/19/2024 15:30:00,271.94,272.7,267.66,271.36,42992794
11/21/2024 15:30:00,273.7,275.49,262.11,266.81,57742968
11/22/2024 15:30:00,266.8,268.99,262.55,264.2,26626294
11/25/2024 15:30:00,273.25,284.34,271.17,273.31,119525837
11/26/2024 15:30:00,273.8,281.14,272.61,280.11,48373365
11/27/2024 15:30:00,281,289.7,278.76,284.72,66635986
11/28/2024 15:30:00,285.6,288.25,281.43,286.13,49584020
11/29/2024 15:30:00,285,287.49,273.62,279.76,73433199
12/2/2024 15:30:00,281.9,285.7,280.45,282.5,35170688
12/3/2024 15:30:00,279.7,282.35,279,279.85,30078648
12/4/2024 15:30:00,283,288,283,286.25,45520598
12/5/2024 15:30:00,288.25,304.65,286.85,299.35,102148528
12/6/2024 15:30:00,300,303.9,296.25,302.95,49309068
12/9/2024 15:30:00,304.7,304.7,291.8,295.3,51131895
12/10/2024 15:30:00,296.75,299.45,295,295.85,31333039
12/11/2024 15:30:00,290,294.3,288.6,291.8,39053928
12/12/2024 15:30:00,291.8,295,284.1,284.9,38405304
12/13/2024 15:30:00,279,288.95,278.2,288.25,47302705
12/16/2024 15:30:00,289,295.9,286.55,294.15,31320679
12/17/2024 15:30:00,295.5,303.45,292.3,296.8,72724924
12/18/2024 15:30:00,297.7,297.7,290,291.9,28348122
12/19/2024 15:30:00,288.05,290.2,284.7,288.5,31350637
12/20/2024 15:30:00,290,290.5,274.2,282.1,271472990
12/23/2024 15:30:00,273.9,282.9,272,273.95,74588008
12/24/2024 15:30:00,274.5,277,269.1,274.85,37011994
12/26/2024 15:30:00,276.6,276.8,271.25,273.2,26031760
12/27/2024 15:30:00,274.9,275.9,269.75,271.25,18997843
12/30/2024 15:30:00,271.25,291.6,269.8,282.1,143568542
12/31/2024 15:30:00,278,281.6,275,278.05,31925776
1/1/2025 15:30:00,279,279.1,276,276.5,14417581
1/2/2025 15:30:00,277.9,286,276,284.6,27949423
1/3/2025 15:30:00,285,285,271.5,272.85,48244937
1/6/2025 15:30:00,274.5,274.8,262.2,264.85,52254616
1/7/2025 15:30:00,256.95,259.2,251,252.45,115216965
1/8/2025 15:30:00,251.7,252.75,244.35,250.05,57146621
1/9/2025 15:30:00,251.6,252.55,244.55,245.35,49569418
1/10/2025 15:30:00,244.9,246.4,237.45,242.95,53817888
1/13/2025 15:30:00,240,240.4,226.2,227.15,69081908
1/14/2025 15:30:00,233.95,237.6,230,233.6,85363264
1/15/2025 15:30:00,235,246,235,243.9,65921349
1/16/2025 15:30:00,250,262,241,241.9,69621318
1/17/2025 15:30:00,244.7,250.8,240.5,248.8,40007808
1/20/2025 15:30:00,251,254.35,228.25,239.75,102666319
1/21/2025 15:30:00,223,227,207.8,214.55,308217731
1/22/2025 15:30:00,207.15,218.2,203.85,216.45,178256196
1/23/2025 15:30:00,219.65,223.45,216.45,221.95,75649874
1/24/2025 15:30:00,221,221,214.6,215.6,43901547
1/27/2025 15:30:00,213,213,205.5,206.2,55203993
1/28/2025 15:30:00,206.25,211.75,205.6,208.2,54426157
1/29/2025 15:30:00,211,223.75,210.2,222.5,53638588
1/30/2025 15:30:00,223,224.8,217,218.8,44730687
1/31/2025 15:30:00,219,223,217,220.35,33200044
2/3/2025 15:30:00,233.99,240.19,230,238.2,70249177
2/4/2025 15:30:00,242,242,229.34,234.54,64341167
2/5/2025 15:30:00,234,239.39,230.5,231.12,36437504
2/6/2025 15:30:00,233.47,234.65,226.66,229.05,41606913
2/7/2025 15:30:00,230.7,234.7,229.4,233.9,39271458
2/10/2025 15:30:00,233.35,234.89,224.75,227.25,38606975
2/11/2025 15:30:00,227,227.24,213.37,215.45,71258339
2/12/2025 15:30:00,213.01,219.35,206.75,214.7,86778158
2/13/2025 15:30:00,218.01,220.44,216.47,217.87,25633804
2/14/2025 15:30:00,218.54,219.72,213.44,215.99,32738152
2/17/2025 15:30:00,213.19,219.13,210.51,218.53,23560419
2/18/2025 15:30:00,220,224.6,216.52,223.31,35519896
2/19/2025 15:30:00,220.6,234.6,220,234.1,47896911
2/20/2025 15:30:00,231.5,236.65,230.11,233.93,27119319
2/21/2025 15:30:00,233,238.73,228.87,230.36,36768250
2/24/2025 15:30:00,219.98,227.8,219.98,222.69,43335473
2/25/2025 15:30:00,224.2,230.18,223.05,225.63,48478366
2/27/2025 15:30:00,226,229.74,225.05,229.04,33845022
2/28/2025 15:30:00,226,228.46,217.82,222.1,115467128
3/3/2025 15:30:00,222.05,225.58,215.25,222.14,33262928
3/4/2025 15:30:00,220.6,229.66,218.7,227.61,40794122
3/5/2025 15:30:00,229,231.75,225.36,227.02,33095222
3/6/2025 15:30:00,231.44,231.44,224.5,225.43,31864115
3/7/2025 15:30:00,223.89,224.65,216,216.83,43864788
3/10/2025 15:30:00,217.41,219.09,210.55,211.28,62786821
3/11/2025 15:30:00,205.01,210.42,199.8,208.07,122391053
3/12/2025 15:30:00,209.09,212.5,201.2,205.46,80010768
3/13/2025 15:30:00,208.2,208.6,200.2,201.43,60780855
3/17/2025 15:30:00,200,207.2,199.17,204.28,48729369
3/18/2025 15:30:00,204.28,219.1,204.28,218.19,79201906
3/19/2025 15:30:00,218.5,227.5,218.5,223.53,65519150
3/20/2025 15:30:00,226,228,221.87,224.47,61376776
3/21/2025 15:30:00,220,228.85,220,227.52,113328549
3/24/2025 15:30:00,228.8,230.2,222.2,222.8,41920679
3/25/2025 15:30:00,223.8,225.1,209,209.81,84184995
3/26/2025 15:30:00,202.35,206.9,199.92,203.29,114342130
3/27/2025 15:30:00,204.47,208.75,200.37,206.28,400414753
3/28/2025 15:30:00,204.24,209.9,200.5,201.7,74842762
4/1/2025 15:30:00,201.7,205,198.85,202.01,63369467
4/2/2025 15:30:00,203.5,212.6,202,212.03,59441448
4/3/2025 15:30:00,208.15,214,208,210.9,44447473
4/4/2025 15:30:00,211.84,212.58,205.67,210.53,48296676
4/7/2025 15:30:00,196,211,194.8,209.63,64932923
4/8/2025 15:30:00,213.19,219.19,210.81,215.19,62002510
4/9/2025 15:30:00,216,216,209.86,211.39,25359931
4/11/2025 15:30:00,216,218.31,214.1,217.2,28917549
4/15/2025 15:30:00,224.25,224.25,220.1,222.23,45034496
4/16/2025 15:30:00,220.51,222.64,218.4,222.08,26155875
4/17/2025 15:30:00,220.6,236.14,220.38,231.6,70125937
4/21/2025 15:30:00,229,235.3,227.1,234.24,66028533
4/22/2025 15:30:00,236,243.45,235,237.47,59667380
4/23/2025 15:30:00,237.48,240.25,233.05,239.24,42294685
4/24/2025 15:30:00,237,241.37,235,236.38,46103369
4/25/2025 15:30:00,235.9,239,227.31,228.81,32437650
4/28/2025 15:30:00,226,231.99,225.06,227.21,29327020
4/29/2025 15:30:00,228.37,234.24,226.6,231.11,32761971
4/30/2025 15:30:00,232,234.75,226.1,232.52,45831746
5/2/2025 15:30:00,220.05,239.5,220.05,234.29,91420800
5/5/2025 15:30:00,234.5,240.97,232.93,239.9,37948115
5/6/2025 15:30:00,240,241.5,231.85,232.64,25327712
5/7/2025 15:30:00,228.6,237.67,228.6,236.9,31614852
5/8/2025 15:30:00,235.25,236.45,226.6,229.81,49888442
5/9/2025 15:30:00,222,229,222,227.14,24415321
5/12/2025 15:30:00,232,240,232,239.5,31757003
5/13/2025 15:30:00,238,239.47,231.05,231.65,44837486
5/14/2025 15:30:00,232,237.44,232,236.86,23158211
5/15/2025 15:30:00,236.2,245.3,233.75,242.59,40335990
5/16/2025 15:30:00,242.6,246.94,242,245.76,30854384
5/19/2025 15:30:00,245.84,246.59,237.43,238.03,21817610
5/20/2025 15:30:00,240,240,227.88,228.28,45891392
5/21/2025 15:30:00,227,230.3,224.18,229.97,47166136
5/22/2025 15:30:00,228.97,230.88,227.03,229.02,28795944
5/23/2025 15:30:00,229.12,240.7,228.87,237.55,42180098
5/26/2025 15:30:00,232.8,232.8,225.65,226.8,89147299
5/27/2025 15:30:00,226.4,227.47,221.1,224.79,224659198
5/28/2025 15:30:00,225.9,225.9,223.2,224.18,43525027
5/29/2025 15:30:00,224.5,229.35,224.03,228.37,54574822
5/30/2025 15:30:00,226.56,243,226.56,238.31,467574032
6/2/2025 15:30:00,237.31,243,236.11,241.2,55690205
6/3/2025 15:30:00,245,245.83,236.75,237.7,91875218
6/4/2025 15:30:00,237.1,248,237.1,245.68,70626622
6/5/2025 15:30:00,248,260.22,247.99,256.56,127795264
6/6/2025 15:30:00,256.56,264,256.01,261.86,66234457
6/9/2025 15:30:00,261.9,262.98,255.35,256.84,33660854
6/10/2025 15:30:00,256.8,256.8,252.35,255.68,36662941
6/11/2025 15:30:00,255.68,260.19,255.3,257.07,40554764
6/12/2025 15:30:00,257.07,257.1,250.35,251.56,24298795
6/13/2025 15:30:00,243.26,250.24,243.26,249.08,30512913
6/16/2025 15:30:00,249,253.52,248.71,252.15,26481959
6/17/2025 15:30:00,251.3,252,246.85,247.25,20651969
6/18/2025 15:30:00,247.3,250.21,247.16,248.41,17297196
6/19/2025 15:30:00,247.99,254.8,247.21,249.42,32347921
6/20/2025 15:30:00,249.01,254.15,249.01,253.33,50201710
6/23/2025 15:30:00,250.15,255.8,250.05,254.64,21523144
6/24/2025 15:30:00,257,260,254.22,255.07,35638629
6/25/2025 15:30:00,256.11,259.42,255.1,258.86,26412599
6/26/2025 15:30:00,259.42,266.25,258.95,265.18,47100081
6/27/2025 15:30:00,266.49,266.49,261,261.86,61545458
6/30/2025 15:30:00,262,265.19,262,264.15,21588949
7/1/2025 15:30:00,264.75,264.85,259.6,261,17220730
7/2/2025 15:30:00,260.5,261.85,257.6,259.75,14940247
7/3/2025 15:30:00,260.1,264.3,260,260.85,19402947
7/4/2025 15:30:00,262.1,263.7,259.65,261.4,13076740
7/7/2025 15:30:00,261.4,261.55,256.2,258.55,25446186
7/8/2025 15:30:00,259.65,264.2,259.5,263.5,18312891
7/9/2025 15:30:00,263.65,265.45,261.8,264.55,18477582
7/10/2025 15:30:00,265.1,267.25,262.25,262.85,17136740
7/11/2025 15:30:00,260,264.95,260,263.35,16528109
7/14/2025 15:30:00,264.95,277.75,262.3,270.6,50184664
7/15/2025 15:30:00,271.9,272.4,265.15,266.45,35090527
7/16/2025 15:30:00,263.15,266.95,261.25,262.35,17828906
7/17/2025 15:30:00,263,263.7,258.6,259.65,17544857
7/18/2025 15:30:00,259.95,260.2,256.75,257.2,13584890
7/21/2025 15:30:00,257,277,256.65,271.7,67508530
7/22/2025 15:30:00,293,311.25,289.65,299.8,269332774
7/23/2025 15:30:00,298,303.55,296.3,302.05,68915203
7/24/2025 15:30:00,302.25,314.45,302,313.15,120603751
7/25/2025 15:30:00,309.95,314.15,306.3,310.55,50941177
7/28/2025 15:30:00,310,312.25,306.6,307.3,24882879
7/29/2025 15:30:00,305,307.2,300,306.55,23521231
7/30/2025 15:30:00,306.55,308.15,301.8,303.45,21677387
7/31/2025 15:30:00,300,311.15,299.3,307.8,32474675
8/1/2025 15:30:00,309.8,310.45,303.95,304.75,16415906
8/4/2025 15:30:00,303,307,300.45,305.25,21862121
8/5/2025 15:30:00,306.9,307.6,301.7,302.15,14820256
8/6/2025 15:30:00,302,302.5,295.45,298.85,22012280
8/7/2025 15:30:00,291.55,303.2,288.4,301.75,391548871
8/8/2025 15:30:00,300.35,302.4,298.1,300.9,28458176
8/11/2025 15:30:00,300.9,310.4,299.5,309.4,44948318
8/12/2025 15:30:00,309.4,310,304.55,305.9,20834370
8/13/2025 15:30:00,305.9,314,305.55,312.35,28119116
8/14/2025 15:30:00,313,319.8,310.65,318.4,45892250
8/18/2025 15:30:00,318.4,323.7,313.65,314.9,42357084
8/19/2025 15:30:00,316.5,321.9,311.7,321.45,36592945
8/20/2025 15:30:00,322.4,331.35,320.35,326.55,55734714
8/21/2025 15:30:00,324.6,325.9,321,321.8,22056606
8/22/2025 15:30:00,321.8,324,318.25,319.1,22869858
8/25/2025 15:30:00,320,323.8,316.55,319.25,20880241
8/26/2025 15:30:00,317.3,321.5,315.05,317.9,438503024
8/28/2025 15:30:00,321.2,323.1,313.25,315.5,44020764
8/29/2025 15:30:00,315.55,316.75,307.75,313.95,62441100
9/1/2025 15:30:00,313.95,322.5,313.95,321.1,47888390
9/2/2025 15:30:00,322.85,327.4,320.45,322.4,48878436
9/3/2025 15:30:00,325.1,328.75,322,326.1,46674039
9/4/2025 15:30:00,328,329,322.8,326.25,43285629
9/5/2025 15:30:00,327.55,334.4,326.3,329.15,31645035
9/8/2025 15:30:00,331,332.2,328.2,329.65,17188065
9/9/2025 15:30:00,329,329.65,323.75,325.7,19658627
9/10/2025 15:30:00,328.95,328.95,322.8,324.4,18981939
9/11/2025 15:30:00,325,331.35,324.7,328.1,22336999
9/12/2025 15:30:00,327.1,327.9,320.7,321.4,19923948
9/15/2025 15:30:00,322.95,325.6,321.5,323.3,16287174
9/16/2025 15:30:00,323,327.8,322,327.3,19198538
9/17/2025 15:30:00,327.3,330,325.3,328.25,14901358
9/18/2025 15:30:00,328.8,338.5,328.3,337.85,36575258
9/19/2025 15:30:00,337,340,334.55,336.55,29146789
9/22/2025 15:30:00,340,343.9,336.7,341.85,28626249
9/23/2025 15:30:00,340.95,341.3,336.7,338.35,15144828
9/24/2025 15:30:00,336.2,338,335.35,335.8,12073297
9/25/2025 15:30:00,334,335.8,331.2,332.25,16653312
9/26/2025 15:30:00,331,332.9,320,321,26840537
9/29/2025 15:30:00,326.95,328.8,324.25,324.85,21653802
9/30/2025 15:30:00,325.1,328.05,323.5,325.5,18841393
10/1/2025 15:30:00,323.1,330.25,320.8,329,18366563
10/3/2025 15:30:00,326.2,334.8,324,328.45,25648590
10/6/2025 15:30:00,326.5,336.3,326.5,335.1,13705095
10/7/2025 15:30:00,335.5,341.6,333.2,337.85,19836347
10/8/2025 15:30:00,337.65,342.9,336.05,341.65,16799915
10/9/2025 15:30:00,345,347.5,342.9,345.5,23497999
10/10/2025 15:30:00,342.55,349.9,341.6,348.3,15972103
10/13/2025 15:30:00,347.5,351.3,345.4,348.35,14458590
10/14/2025 15:30:00,352,352,343,347.75,25161480
10/15/2025 15:30:00,347.75,355.9,347.35,354.35,30840496
10/16/2025 15:30:00,356,368.45,338,347.85,91194459
10/17/2025 15:30:00,340,347.75,333.75,342.65,77995576
10/20/2025 15:30:00,345,346.5,336.25,338.15,25481979
10/21/2025 15:30:00,340.1,340.8,337.2,338.1,3818958
10/23/2025 15:30:00,343,343,327,328.35,54284157
10/24/2025 15:30:00,328,329.85,324.35,326.6,35567993
10/27/2025 15:30:00,326.2,334.9,324.6,333.7,27703118
10/28/2025 15:30:00,332.75,336.2,332.15,334.6,28723423
10/29/2025 15:30:00,333.55,335.5,328.75,330.45,19679008
10/30/2025 15:30:00,328,332.25,325.5,329.35,19800315
10/31/2025 15:30:00,329.95,330.3,316.65,317.75,34241754
11/3/2025 15:30:00,316.45,323.6,313.25,322.6,33549131
11/4/2025 15:30:00,321.05,321.95,312.3,313.5,35402202
11/6/2025 15:30:00,308.5,311.65,303.55,305.65,44725332
11/7/2025 15:30:00,305.95,309.1,301.45,306.1,26911856
11/10/2025 15:30:00,304.25,308.55,300.8,301.45,33919179
11/11/2025 15:30:00,302.95,307.75,300.15,305.8,35824473
11/12/2025 15:30:00,308,312.95,307.35,308.8,43774443
11/13/2025 15:30:00,308.65,309.35,296.6,297.75,63585986
11/14/2025 15:30:00,295,305.25,294.75,303.75,37378739
11/17/2025 15:30:00,303.1,309.85,300.55,309.55,26632684
11/18/2025 15:30:00,312,313,304.5,306.15,24986347
11/19/2025 15:30:00,305,308.1,302.6,306.6,15532632
11/20/2025 15:30:00,308.5,308.65,304.6,306.9,13522453
11/21/2025 15:30:00,304.95,305.95,301,301.95,13729185
11/24/2025 15:30:00,296.5,304.25,295.6,301,42517973
11/25/2025 15:30:00,303,305.95,300.5,302.3,19304127
11/26/2025 15:30:00,300.3,307.15,300.3,306.85,14488702
11/27/2025 15:30:00,308,308.7,300.55,302.75,22604916
11/28/2025 15:30:00,303,304.8,299.65,300.1,17678706
12/1/2025 15:30:00,302.3,305.45,300.25,301.5,17929620
12/2/2025 15:30:00,300.6,301.8,297,300.55,23517461
12/3/2025 15:30:00,300.6,302.95,296,297.75,18546982
12/4/2025 15:30:00,297.6,298.75,292.55,295.75,31947997
12/5/2025 15:30:00,295,299.7,291.15,292.4,17762375
12/8/2025 15:30:00,290.9,297.4,284.15,285.25,85127961
12/9/2025 15:30:00,284.55,292.3,280.3,291.7,27053864
12/10/2025 15:30:00,289,293,282,283.25,20644419
12/11/2025 15:30:00,284,291.9,283.05,290.95,21043741
12/12/2025 15:30:00,290.1,299,288.6,298.05,27289532
12/15/2025 15:30:00,295,299.55,295,298.45,14755897
12/16/2025 15:30:00,298.2,298.2,282.65,284.45,58633745
12/17/2025 15:30:00,286.25,290.5,283.55,284.45,27154430
12/18/2025 15:30:00,284.05,285.5,281.7,284.75,14159703
12/19/2025 15:30:00,286.9,288.35,285.25,286.05,17783844
12/22/2025 15:30:00,286,287.9,285.2,286.7,14987454
12/23/2025 15:30:00,287.05,288,284,284.35,12762620
12/24/2025 15:30:00,283.5,286,283.1,284.85,12973814
12/26/2025 15:30:00,281.8,284.65,279.7,281.75,15744495
12/29/2025 15:30:00,281.5,286.05,281.5,282.85,13175259
12/30/2025 15:30:00,282.5,282.5,275.35,277.1,37816382
12/31/2025 15:30:00,276,280.35,275.5,278.05,21964083
1/1/2026 15:30:00,278.6,285,278.55,283.8,13427852
1/2/2026 15:30:00,283.8,287.75,283.25,284.15,13624798
1/5/2026 15:30:00,280.5,284,279.6,281.8,19328131
1/6/2026 15:30:00,281.8,283.55,276.25,279.05,29577689